{"train_loss_patches/l1_loss": 0.04873207211494446, "train_loss_patches/total_loss": 0.6902803182601929, "contrastive_loss": 2720.897705078125, "loss_obj_cls": 0.801257848739624, "regularization": 1.3265482187271118, "clustering_loss": 0.6195897459983826, "iter_time": 304.3665771484375, "iter": 559, "_timestamp": 1742729444.505102, "_runtime": 159.65118885040283, "_step": 558, "_wandb": {"runtime": 158}}